{
  "constant": 1.6464913621145343,
  "x": -0.0009802047997572966,
  "y": -0.002596437647298034,
  "x\u00b2": 0.1320648160891379,
  "y\u00b2": 0.13185995079836238,
  "xy": -0.0017295700851172422,
  "trained": true,
  "equation_type": "polynomial_regression"
}